seed,group,feature,group_avg_importance,global_importance,global_vs_group_gap,conditional_minus_global
42,group_a,exog_feature_1,0.3668720354155452,0.15833696797129862,-0.20853506744424657,0.20853506744424657
42,group_b,exog_feature_1,0.002528255268631286,0.15833696743566888,0.1558087121670376,-0.1558087121670376
123,group_a,exog_feature_1,0.04298005247341188,0.016967150373017558,-0.02601290210039432,0.02601290210039432
123,group_b,exog_feature_1,-2.4007133643858877e-05,0.016967152069044606,0.016991159202688465,-0.016991159202688465
456,group_a,exog_feature_1,0.3804122845630921,0.1772176745443175,-0.20319461001877462,0.20319461001877462
456,group_b,exog_feature_1,0.01865439297197463,0.17721767798775748,0.15856328501578285,-0.15856328501578285
789,group_a,exog_feature_1,0.43939720986624825,0.21123560753978637,-0.22816160232646188,0.22816160232646188
789,group_b,exog_feature_1,0.05049527201301669,0.21123560561468407,0.16074033360166737,-0.16074033360166737
1011,group_a,exog_feature_1,0.42295458383169343,0.21508824504034718,-0.20786633879134625,0.20786633879134625
1011,group_b,exog_feature_1,0.06589071540720706,0.21508824347600697,0.1491975280687999,-0.1491975280687999
1213,group_a,exog_feature_1,0.44895281556779093,0.2256092041829327,-0.22334361138485823,0.22334361138485823
1213,group_b,exog_feature_1,0.05524621770179742,0.22560920504345375,0.17036298734165634,-0.17036298734165634
1415,group_a,exog_feature_1,0.0653877390597904,0.026880890004506837,-0.03850684905528356,0.03850684905528356
1415,group_b,exog_feature_1,-3.773465404278515e-05,0.02688088855080631,0.026918623204849095,-0.026918623204849095
1617,group_a,exog_feature_1,0.3946508617321021,0.1805516357698437,-0.21409922596225842,0.21409922596225842
1617,group_b,exog_feature_1,0.03479413555391031,0.1805516334825509,0.1457574979286406,-0.1457574979286406
1819,group_a,exog_feature_1,0.4062353029672512,0.20614827154078924,-0.20008703142646195,0.20008703142646195
1819,group_b,exog_feature_1,0.050041592097229554,0.20614827266451063,0.15610668056728108,-0.15610668056728108
2021,group_a,exog_feature_1,0.15067505614137744,0.0694789082159085,-0.08119614792546893,0.08119614792546893
2021,group_b,exog_feature_1,0.0006526662470113539,0.06947891172745892,0.06882624548044756,-0.06882624548044756
2223,group_a,exog_feature_1,0.400650008344222,0.16257639546837735,-0.23807361287584464,0.23807361287584464
2223,group_b,exog_feature_1,0.006562953295614894,0.16257639816737376,0.15601344487175886,-0.15601344487175886
2425,group_a,exog_feature_1,0.3884915783683155,0.1712598668205605,-0.217231711547755,0.217231711547755
2425,group_b,exog_feature_1,0.010734012287665757,0.1712598694577082,0.16052585717004245,-0.16052585717004245
2627,group_a,exog_feature_1,0.16395796096895038,0.06986786648095708,-0.0940900944879933,0.0940900944879933
2627,group_b,exog_feature_1,0.000439882712543528,0.0698678646362953,0.06942798192375177,-0.06942798192375177
2829,group_a,exog_feature_1,0.03871098316668333,0.014210790580940238,-0.024500192585743093,0.024500192585743093
2829,group_b,exog_feature_1,4.447995340630067e-05,0.014210788042203777,0.014166308088797477,-0.014166308088797477
3031,group_a,exog_feature_1,0.39602032195441284,0.1864241446669749,-0.20959617728743793,0.20959617728743793
3031,group_b,exog_feature_1,0.03276593831516111,0.18642414374300562,0.1536582054278445,-0.1536582054278445
3233,group_a,exog_feature_1,0.03519969807179961,0.013926980147461923,-0.021272717924337686,0.021272717924337686
3233,group_b,exog_feature_1,-3.5713851547504096e-05,0.013926981407181158,0.013962695258728662,-0.013962695258728662
3435,group_a,exog_feature_1,0.28117066844558875,0.12044487686586908,-0.16072579157971967,0.16072579157971967
3435,group_b,exog_feature_1,0.0007516604834556737,0.12044487695310072,0.11969321646964504,-0.11969321646964504
3637,group_a,exog_feature_1,0.40023150432842153,0.19418333108103356,-0.20604817324738797,0.20604817324738797
3637,group_b,exog_feature_1,0.03929652532308619,0.19418333542308042,0.15488681009999422,-0.15488681009999422
3839,group_a,exog_feature_1,0.20030874437713697,0.07998478098870039,-0.12032396338843658,0.12032396338843658
3839,group_b,exog_feature_1,1.7155916356423505e-05,0.07998478091235102,0.0799676249959946,-0.0799676249959946
4041,group_a,exog_feature_1,0.1901681121722419,0.08098409780253352,-0.10918401436970837,0.10918401436970837
4041,group_b,exog_feature_1,0.0012004876859403448,0.08098409765828521,0.07978360997234486,-0.07978360997234486
42,group_a,exog_feature_2,0.0012710708329580114,0.31313896698575544,0.3118678961527974,-0.3118678961527974
42,group_b,exog_feature_2,0.6346371460776962,0.31313896141903075,-0.3214981846586654,0.3214981846586654
123,group_a,exog_feature_2,0.0011773724927082185,0.09993962081518507,0.09876224832247685,-0.09876224832247685
123,group_b,exog_feature_2,0.19929224169962145,0.09993961916571625,-0.0993526225339052,0.0993526225339052
456,group_a,exog_feature_2,0.0026587489381777805,0.34370756223071397,0.34104881329253617,-0.34104881329253617
456,group_b,exog_feature_2,0.6846795325593549,0.34370756146879644,-0.34097197109055843,0.34097197109055843
789,group_a,exog_feature_2,0.005743736687913787,0.3445425787538717,0.3387988420659579,-0.3387988420659579
789,group_b,exog_feature_2,0.6856835341345376,0.3445425764111954,-0.34114095772334224,0.34114095772334224
1011,group_a,exog_feature_2,0.013521710723552282,0.3618050164496594,0.3482833057261071,-0.3482833057261071
1011,group_b,exog_feature_2,0.721794371635406,0.3618050120794585,-0.3599893595559476,0.3599893595559476
1213,group_a,exog_feature_2,0.013294249194684308,0.3472515052957941,0.3339572561011098,-0.3339572561011098
1213,group_b,exog_feature_2,0.6772094591411514,0.34725150430365265,-0.32995795483749873,0.32995795483749873
1415,group_a,exog_feature_2,-0.0003827929515667314,0.11851872527149142,0.11890151822305815,-0.11890151822305815
1415,group_b,exog_feature_2,0.23469087593099716,0.11851872520273532,-0.11617215072826184,0.11617215072826184
1617,group_a,exog_feature_2,0.006922162785233328,0.3289984398183535,0.3220762770331202,-0.3220762770331202
1617,group_b,exog_feature_2,0.6523286754386642,0.32899843306836213,-0.3233302423703021,0.3233302423703021
1819,group_a,exog_feature_2,0.007705105291315836,0.3296360234119668,0.32193091812065094,-0.32193091812065094
1819,group_b,exog_feature_2,0.663633443183095,0.32963601873131054,-0.3339974244517845,0.3339974244517845
2021,group_a,exog_feature_2,0.003323397847157668,0.22957089325158447,0.22624749540442682,-0.22624749540442682
2021,group_b,exog_feature_2,0.4528103324193028,0.22957089389993077,-0.22323943851937203,0.22323943851937203
2223,group_a,exog_feature_2,0.0013140484242333537,0.32098440555471236,0.31967035713047903,-0.31967035713047903
2223,group_b,exog_feature_2,0.6520660101366718,0.3209844041350592,-0.33108160600161257,0.33108160600161257
2425,group_a,exog_feature_2,0.0018150095437823102,0.3503256457372156,0.34851063619343325,-0.34851063619343325
2425,group_b,exog_feature_2,0.6954353109803801,0.35032564010254885,-0.3451096708778313,0.3451096708778313
2627,group_a,exog_feature_2,0.0030543941936144424,0.2470927823523051,0.24403838815869067,-0.24403838815869067
2627,group_b,exog_feature_2,0.49447943317409815,0.24709277920261397,-0.24738665397148418,0.24738665397148418
2829,group_a,exog_feature_2,0.0007131091464734217,0.09319006915599483,0.09247696000952141,-0.09247696000952141
2829,group_b,exog_feature_2,0.18431057782436325,0.09319007211839758,-0.09112050570596567,0.09112050570596567
3031,group_a,exog_feature_2,0.01718730429697509,0.3579803692810941,0.34079306498411904,-0.34079306498411904
3031,group_b,exog_feature_2,0.6987442398816717,0.35798036520692583,-0.34076387467474584,0.34076387467474584
3233,group_a,exog_feature_2,-0.00021291453821580127,0.10687647238517962,0.10708938692339542,-0.10708938692339542
3233,group_b,exog_feature_2,0.21185080450616098,0.10687646843651885,-0.10497433606964213,0.10497433606964213
3435,group_a,exog_feature_2,0.0017609830406569397,0.2800268031910766,0.2782658201504197,-0.2782658201504197
3435,group_b,exog_feature_2,0.5523146305626814,0.28002679939858066,-0.2722878311641007,0.2722878311641007
3637,group_a,exog_feature_2,0.011925310200051746,0.3470807095653362,0.3351553993652845,-0.3351553993652845
3637,group_b,exog_feature_2,0.6860349698060052,0.3470807063042406,-0.3389542635017646,0.3389542635017646
3839,group_a,exog_feature_2,0.001533805817795212,0.23347534885139024,0.23194154303359502,-0.23194154303359502
3839,group_b,exog_feature_2,0.4659996141640982,0.2334753480334891,-0.2325242661306091,0.2325242661306091
4041,group_a,exog_feature_2,0.005561203869971749,0.2723792852189744,0.26681808134900264,-0.26681808134900264
4041,group_b,exog_feature_2,0.5397198577627403,0.27237928540706685,-0.2673405723556735,0.2673405723556735
42,group_a,exog_feature_3,0.40739847688353054,0.4008230715543005,-0.006575405329230016,0.006575405329230016
42,group_b,exog_feature_3,0.39920088390657693,0.40082307138634565,0.0016221874797687447,-0.0016221874797687447
123,group_a,exog_feature_3,0.24596733014198383,0.2529498139945357,0.006982483852551894,-0.006982483852551894
123,group_b,exog_feature_3,0.25594909382298486,0.25294981201413064,-0.002999281808854232,0.002999281808854232
456,group_a,exog_feature_3,0.4083081000138995,0.3961689857513721,-0.012139114262527374,0.012139114262527374
456,group_b,exog_feature_3,0.38831286974488866,0.3961689825275466,0.00785611278265799,-0.00785611278265799
789,group_a,exog_feature_3,0.4078793135975403,0.4090919825351275,0.0012126689375872007,-0.0012126689375872007
789,group_b,exog_feature_3,0.42118594404006465,0.40909198443140943,-0.012093959608655221,0.012093959608655221
1011,group_a,exog_feature_3,0.4316177836401269,0.423926206601579,-0.00769157703854789,0.00769157703854789
1011,group_b,exog_feature_3,0.4137554560522582,0.42392620669197645,0.010170750639718217,-0.010170750639718217
1213,group_a,exog_feature_3,0.4302284638070868,0.42598039914666885,-0.0042480646604179505,0.0042480646604179505
1213,group_b,exog_feature_3,0.4206973753176109,0.4259804003393708,0.005283025021759882,-0.005283025021759882
1415,group_a,exog_feature_3,0.2649077293815998,0.27244400351122017,0.0075362741296203985,-0.0075362741296203985
1415,group_b,exog_feature_3,0.2805002247112465,0.272444005859293,-0.00805621885195352,0.00805621885195352
1617,group_a,exog_feature_3,0.40018679581528477,0.39849652077407016,-0.0016902750412146148,0.0016902750412146148
1617,group_b,exog_feature_3,0.4014013705851025,0.3984965220019647,-0.0029048485831377935,0.0029048485831377935
1819,group_a,exog_feature_3,0.4116867507822486,0.41571321922401744,0.004026468441768869,-0.004026468441768869
1819,group_b,exog_feature_3,0.4233499419938101,0.41571321837756653,-0.0076367236162435586,0.0076367236162435586
2021,group_a,exog_feature_3,0.28606501027943404,0.2794266998743763,-0.0066383104050577665,0.0066383104050577665
2021,group_b,exog_feature_3,0.27710282368305506,0.2794266984624316,0.002323874779376593,-0.002323874779376593
2223,group_a,exog_feature_3,0.39671384185959413,0.39344218936928715,-0.003271652490306967,0.003271652490306967
2223,group_b,exog_feature_3,0.40044182945212964,0.39344218781201845,-0.0069996416401111915,0.0069996416401111915
2425,group_a,exog_feature_3,0.41014985104615037,0.399801301913244,-0.010348549132906393,0.010348549132906393
2425,group_b,exog_feature_3,0.3916109727194331,0.3998013026917256,0.00819032997229249,-0.00819032997229249
2627,group_a,exog_feature_3,0.3370613465426098,0.33345748773248235,-0.003603858810127432,0.003603858810127432
2627,group_b,exog_feature_3,0.32304208915889715,0.3334574874517177,0.010415398292820578,-0.010415398292820578
2829,group_a,exog_feature_3,0.24433196575906058,0.2547919138099555,0.010459948050894924,-0.010459948050894924
2829,group_b,exog_feature_3,0.2557410961062887,0.25479191242134197,-0.0009491836849467177,0.0009491836849467177
3031,group_a,exog_feature_3,0.42176061846001367,0.42779228786124535,0.00603166940123168,-0.00603166940123168
3031,group_b,exog_feature_3,0.4370546147816276,0.42779228684178505,-0.009262327939842564,0.009262327939842564
3233,group_a,exog_feature_3,0.2419215274568744,0.24706757219039002,0.005146044733515614,-0.005146044733515614
3233,group_b,exog_feature_3,0.24408793643704518,0.24706757139387525,0.0029796349568300563,-0.0029796349568300563
3435,group_a,exog_feature_3,0.4006898864425667,0.3813873059570937,-0.019302580485473037,0.019302580485473037
3435,group_b,exog_feature_3,0.37350208492863074,0.38138730627798656,0.007885221349355803,-0.007885221349355803
3637,group_a,exog_feature_3,0.41158079383596546,0.409405122614161,-0.0021756712218044725,0.0021756712218044725
3637,group_b,exog_feature_3,0.40614114750754043,0.4094051202734968,0.0032639727659563374,-0.0032639727659563374
3839,group_a,exog_feature_3,0.33723174060901123,0.3396422340143392,0.002410493405327924,-0.002410493405327924
3839,group_b,exog_feature_3,0.3479916219559303,0.3396422329987772,-0.008349388957153083,0.008349388957153083
4041,group_a,exog_feature_3,0.3407915277510953,0.3416314255662117,0.000839897815116402,-0.000839897815116402
4041,group_b,exog_feature_3,0.34350279246832616,0.3416314287912398,-0.001871363677086323,0.001871363677086323
